{
  "month": "2025-06",
  "seed": 777,
  "ret": 43.94094678029206,
  "wr": 80.0,
  "mdd": 32.1086659592682,
  "min_vs_init": 0.0,
  "trades": 25,
  "liq": 0,
  "pf": 4.059689533367071,
  "reasons": {
    "BE": 19,
    "SL": 5,
    "Trail": 1
  },
  "params": {
    "MC": 10,
    "BE_R": 0.5,
    "TRAIL_R": 2.0,
    "DLL": 8.0,
    "SL_MULT": 0.6,
    "RR": 9.0
  }
}