{
  "month": "2024-08",
  "seed": 777,
  "ret": 626.4403347966612,
  "wr": 71.10481586402267,
  "mdd": 86.29449734405334,
  "min_vs_init": -0.4377006205758094,
  "trades": 353,
  "liq": 0,
  "pf": 3.1421077767446985,
  "reasons": {
    "Trail": 4,
    "SL": 102,
    "BE": 246,
    "TP": 1
  },
  "params": {
    "MC": 10,
    "BE_R": 0.5,
    "TRAIL_R": 2.0,
    "DLL": 8.0,
    "SL_MULT": 0.6,
    "RR": 9.0
  }
}