{
  "month": "2024-12",
  "seed": 777,
  "ret": 615.4774993218059,
  "wr": 73.28767123287672,
  "mdd": 86.91887413283312,
  "min_vs_init": -4.867395310073563,
  "trades": 146,
  "liq": 0,
  "pf": 4.746093210761484,
  "reasons": {
    "SL": 39,
    "BE": 106,
    "TP": 1
  },
  "params": {
    "MC": 10,
    "BE_R": 0.5,
    "TRAIL_R": 2.0,
    "DLL": 8.0,
    "SL_MULT": 0.6,
    "RR": 9.0
  }
}