{
  "month": "2025-08",
  "seed": 777,
  "ret": 1100.1639311986582,
  "wr": 74.58866544789763,
  "mdd": 91.66780492227213,
  "min_vs_init": 0.0,
  "trades": 547,
  "liq": 0,
  "pf": 3.8295841211602752,
  "reasons": {
    "BE": 402,
    "SL": 139,
    "TP": 1,
    "Trail": 5
  },
  "params": {
    "MC": 10,
    "BE_R": 0.5,
    "TRAIL_R": 2.0,
    "DLL": 8.0,
    "SL_MULT": 0.6,
    "RR": 9.0
  }
}