{
  "month": "2025-03",
  "seed": 777,
  "ret": 916.9646090872229,
  "wr": 66.99029126213593,
  "mdd": 90.6703184003685,
  "min_vs_init": 0.0,
  "trades": 206,
  "liq": 0,
  "pf": 3.4668677636560035,
  "reasons": {
    "BE": 132,
    "SL": 68,
    "TP": 2,
    "Trail": 4
  },
  "params": {
    "MC": 10,
    "BE_R": 0.5,
    "TRAIL_R": 2.0,
    "DLL": 8.0,
    "SL_MULT": 0.6,
    "RR": 9.0
  }
}